datetime,weekday,hour,grid_w,grid_h,evento,obras,manifestacoes,holiday,holiday_eve,humidity,cloud,tempC,windHph,pressureIn,precipIn,condition,tag_1,tag_2,tag_3,tag_4
2018-06-29 08:53:16,4,8,178,174,True,False,False,False,False,96,81,17.50,5.00,30.50,0.05,1183,Tráfego Pesado,Clima,,
2018-06-27 16:39:18,2,16,177,170,True,False,False,False,False,83,0,14.60,1.40,30.50,0.00,1000,Outros,,,
2018-06-27 16:39:18,2,16,179,170,True,False,False,False,False,83,0,14.60,1.40,30.50,0.00,1000,Outros,,,
2018-06-27 16:37:37,2,16,179,169,True,False,False,False,False,83,0,14.60,1.40,30.50,0.00,1000,Tráfego Livre,,,
2018-06-27 16:00:04,2,16,179,169,True,False,False,False,False,83,0,14.60,1.40,30.50,0.00,1000,Tráfego Livre,,,
2018-06-01 18:09:36,4,18,197,190,True,False,False,False,False,84,79,19.80,7.60,30.40,0.02,1153,Tráfego Pesado,,,
2018-06-01 18:09:36,4,18,196,190,True,False,False,False,False,84,79,19.80,7.60,30.40,0.02,1153,Tráfego Pesado,,,
2018-06-01 15:15:16,4,15,197,190,True,False,False,False,False,84,79,19.80,7.60,30.40,0.02,1153,Tráfego Pesado,Clima,,
2018-06-01 14:30:09,4,14,197,190,True,False,False,False,False,84,79,19.80,7.60,30.40,0.02,1153,Clima,,,
2018-06-01 14:30:09,4,14,196,190,True,False,False,False,False,84,79,19.80,7.60,30.40,0.02,1153,Clima,,,
2018-06-01 13:18:24,4,13,197,190,True,False,False,False,False,84,79,19.80,7.60,30.40,0.02,1153,Clima,,,
2018-06-01 13:18:24,4,13,196,190,True,False,False,False,False,84,79,19.80,7.60,30.40,0.02,1153,Clima,,,
2018-06-01 13:05:23,4,13,197,190,True,False,False,False,False,84,79,19.80,7.60,30.40,0.02,1153,Tráfego Livre,,,
2018-06-01 13:05:23,4,13,196,190,True,False,False,False,False,84,79,19.80,7.60,30.40,0.02,1153,Tráfego Livre,,,
2018-06-01 12:03:18,4,12,197,190,True,False,False,False,False,84,79,19.80,7.60,30.40,0.02,1153,Tráfego Pesado,Incidentes,,
2018-05-31 14:52:01,3,14,197,190,True,False,False,True,False,64,12,20.50,6.50,30.50,0.00,1003,Outros,,,
2018-05-31 14:52:01,3,14,196,190,True,False,False,True,False,64,12,20.50,6.50,30.50,0.00,1003,Outros,,,
2018-05-31 14:40:26,3,14,258,144,False,False,False,True,False,64,12,20.50,6.50,30.50,0.00,1003,Outros,,,
2018-05-31 14:40:26,3,14,253,146,False,False,False,True,False,64,12,20.50,6.50,30.50,0.00,1003,Outros,,,
2018-05-31 14:24:38,3,14,197,190,True,False,False,True,False,64,12,20.50,6.50,30.50,0.00,1003,Outros,,,
2018-05-31 14:24:38,3,14,196,190,True,False,False,True,False,64,12,20.50,6.50,30.50,0.00,1003,Outros,,,
2018-05-31 14:13:33,3,14,253,158,False,False,False,True,False,64,12,20.50,6.50,30.50,0.00,1003,Incidentes,Tráfego Pesado,,
2018-05-31 14:13:33,3,14,252,159,False,False,False,True,False,64,12,20.50,6.50,30.50,0.00,1003,Incidentes,Tráfego Pesado,,
2018-05-31 14:10:44,3,14,189,158,False,False,False,True,False,64,12,20.50,6.50,30.50,0.00,1003,Incidentes,Tráfego Pesado,,
2018-05-31 14:10:44,3,14,190,156,False,False,False,True,False,64,12,20.50,6.50,30.50,0.00,1003,Incidentes,Tráfego Pesado,,
2018-05-31 13:53:05,3,13,164,229,False,False,False,True,False,64,12,20.50,6.50,30.50,0.00,1003,Obstrução,Tráfego Livre,,
2018-05-31 13:53:05,3,13,184,198,False,False,False,True,False,64,12,20.50,6.50,30.50,0.00,1003,Obstrução,Tráfego Livre,,
2018-05-31 13:49:13,3,13,197,201,False,False,False,True,False,64,12,20.50,6.50,30.50,0.00,1003,Outros,,,
2018-05-31 13:49:13,3,13,196,199,False,False,False,True,False,64,12,20.50,6.50,30.50,0.00,1003,Outros,,,
2018-05-31 13:27:52,3,13,138,229,False,False,False,True,False,64,12,20.50,6.50,30.50,0.00,1003,Obstrução,,,
2018-05-31 13:27:52,3,13,139,228,False,False,False,True,False,64,12,20.50,6.50,30.50,0.00,1003,Obstrução,,,
2018-05-31 13:08:44,3,13,197,190,True,False,False,True,False,64,12,20.50,6.50,30.50,0.00,1003,Tráfego Livre,,,
2018-05-31 13:08:44,3,13,196,190,True,False,False,True,False,64,12,20.50,6.50,30.50,0.00,1003,Tráfego Livre,,,
2018-05-31 12:13:20,3,12,197,190,True,False,False,True,False,64,12,20.50,6.50,30.50,0.00,1003,Outros,,,
2018-05-31 12:13:20,3,12,258,144,False,False,False,True,False,64,12,20.50,6.50,30.50,0.00,1003,Outros,,,
2018-05-31 11:48:10,3,11,201,211,False,False,False,True,False,64,12,20.50,6.50,30.50,0.00,1003,Obstrução,Tráfego Livre,,
2018-05-31 11:43:08,3,11,177,338,False,False,False,True,False,64,12,20.50,6.50,30.50,0.00,1003,Tráfego Pesado,,,
2018-05-31 11:43:08,3,11,179,338,False,False,False,True,False,64,12,20.50,6.50,30.50,0.00,1003,Tráfego Pesado,,,
2018-05-31 11:21:08,3,11,197,190,False,False,False,True,False,64,12,20.50,6.50,30.50,0.00,1003,Outros,,,
2018-05-31 11:21:08,3,11,196,190,False,False,False,True,False,64,12,20.50,6.50,30.50,0.00,1003,Outros,,,
2018-05-31 11:18:03,3,11,147,344,False,False,False,True,False,64,12,20.50,6.50,30.50,0.00,1003,Tráfego Pesado,,,
2018-05-31 11:18:03,3,11,147,343,False,False,False,True,False,64,12,20.50,6.50,30.50,0.00,1003,Tráfego Pesado,,,
2018-05-31 10:28:53,3,10,197,190,False,False,False,True,False,64,12,20.50,6.50,30.50,0.00,1003,Obstrução,Tráfego Pesado,,
2018-05-31 10:28:53,3,10,160,229,False,False,False,True,False,64,12,20.50,6.50,30.50,0.00,1003,Obstrução,Tráfego Pesado,,
2018-05-31 10:22:07,3,10,255,331,False,False,False,True,False,64,12,20.50,6.50,30.50,0.00,1003,Obstrução,,,
2018-05-31 10:22:07,3,10,232,230,False,False,False,True,False,64,12,20.50,6.50,30.50,0.00,1003,Obstrução,,,
2018-05-31 10:00:45,3,10,190,187,False,False,False,True,False,64,12,20.50,6.50,30.50,0.00,1003,Incidentes,Obstrução,Tráfego Livre,
2018-05-31 10:00:45,3,10,187,187,False,False,False,True,False,64,12,20.50,6.50,30.50,0.00,1003,Incidentes,Obstrução,Tráfego Livre,
2018-05-31 09:30:42,3,9,237,268,False,False,False,True,False,64,12,20.50,6.50,30.50,0.00,1003,Incidentes,Tráfego Livre,,
2018-05-31 09:30:42,3,9,228,265,False,False,False,True,False,64,12,20.50,6.50,30.50,0.00,1003,Incidentes,Tráfego Livre,,
2018-05-31 09:00:19,3,9,197,190,False,False,False,True,False,64,12,20.50,6.50,30.50,0.00,1003,Outros,,,
2018-05-31 09:00:19,3,9,196,190,False,False,False,True,False,64,12,20.50,6.50,30.50,0.00,1003,Outros,,,
2018-05-30 19:15:49,2,19,197,190,True,False,False,False,True,69,11,20.00,6.80,30.60,0.00,1000,Outros,,,
2018-05-30 19:15:49,2,19,196,190,True,False,False,False,True,69,11,20.00,6.80,30.60,0.00,1000,Outros,,,
2018-05-30 18:29:51,2,18,202,171,False,False,False,False,True,69,11,20.00,6.80,30.60,0.00,1000,Obstrução,,,
2018-05-30 18:29:51,2,18,199,175,False,False,False,False,True,69,11,20.00,6.80,30.60,0.00,1000,Obstrução,,,
2018-05-30 18:26:38,2,18,196,189,False,False,False,False,True,69,11,20.00,6.80,30.60,0.00,1000,Obstrução,Tráfego Pesado,,
2018-05-30 18:26:38,2,18,195,192,False,False,False,False,True,69,11,20.00,6.80,30.60,0.00,1000,Obstrução,Tráfego Pesado,,
2018-05-30 18:21:57,2,18,213,197,False,False,False,False,True,69,11,20.00,6.80,30.60,0.00,1000,Obstrução,,,
2018-05-30 18:08:04,2,18,197,190,True,False,False,False,True,69,11,20.00,6.80,30.60,0.00,1000,Obstrução,,,
2018-05-30 18:08:04,2,18,202,171,False,False,False,False,True,69,11,20.00,6.80,30.60,0.00,1000,Obstrução,,,
2018-05-30 17:57:00,2,17,234,255,False,False,False,False,True,69,11,20.00,6.80,30.60,0.00,1000,Tráfego Pesado,,,
2018-05-30 17:57:00,2,17,233,256,False,False,False,False,True,69,11,20.00,6.80,30.60,0.00,1000,Tráfego Pesado,,,
2018-05-30 17:57:00,2,17,202,287,False,False,False,False,True,69,11,20.00,6.80,30.60,0.00,1000,Tráfego Pesado,,,
2018-05-30 17:57:00,2,17,214,399,False,False,False,False,True,69,11,20.00,6.80,30.60,0.00,1000,Tráfego Pesado,,,
2018-05-30 17:42:03,2,17,194,415,False,False,False,False,True,69,11,20.00,6.80,30.60,0.00,1000,Obstrução,Tráfego Pesado,,
2018-05-30 17:42:03,2,17,193,408,False,False,False,False,True,69,11,20.00,6.80,30.60,0.00,1000,Obstrução,Tráfego Pesado,,
2018-05-30 17:38:31,2,17,128,214,False,False,False,False,True,69,11,20.00,6.80,30.60,0.00,1000,Tráfego Pesado,,,
2018-05-30 17:38:31,2,17,126,215,False,False,False,False,True,69,11,20.00,6.80,30.60,0.00,1000,Tráfego Pesado,,,
2018-05-30 17:32:10,2,17,198,403,False,False,False,False,True,69,11,20.00,6.80,30.60,0.00,1000,Obstrução,,,
2018-05-30 17:32:10,2,17,195,404,False,False,False,False,True,69,11,20.00,6.80,30.60,0.00,1000,Obstrução,,,
2018-05-30 17:20:08,2,17,198,403,False,False,False,False,True,69,11,20.00,6.80,30.60,0.00,1000,Incidentes,Obstrução,,
2018-05-30 17:20:08,2,17,195,404,False,False,False,False,True,69,11,20.00,6.80,30.60,0.00,1000,Incidentes,Obstrução,,
2018-05-30 17:01:01,2,17,345,170,False,False,False,False,True,69,11,20.00,6.80,30.60,0.00,1000,Tráfego Pesado,,,
2018-05-30 17:01:01,2,17,328,153,False,False,False,False,True,69,11,20.00,6.80,30.60,0.00,1000,Tráfego Pesado,,,
2018-05-30 15:32:17,2,15,205,268,False,False,False,False,True,69,11,20.00,6.80,30.60,0.00,1000,Outros,,,
2018-05-30 15:32:17,2,15,178,267,False,False,False,False,True,69,11,20.00,6.80,30.60,0.00,1000,Outros,,,
2018-05-30 15:32:15,2,15,239,259,False,False,False,False,True,69,11,20.00,6.80,30.60,0.00,1000,Tráfego Pesado,,,
2018-05-30 15:32:15,2,15,240,260,False,False,False,False,True,69,11,20.00,6.80,30.60,0.00,1000,Tráfego Pesado,,,
2018-05-30 15:32:15,2,15,177,338,False,False,False,False,True,69,11,20.00,6.80,30.60,0.00,1000,Outros,,,
2018-05-30 15:32:15,2,15,179,338,False,False,False,False,True,69,11,20.00,6.80,30.60,0.00,1000,Outros,,,
2018-05-30 15:32:14,2,15,239,259,False,False,False,False,True,69,11,20.00,6.80,30.60,0.00,1000,Tráfego Pesado,,,
2018-05-30 15:32:14,2,15,240,260,False,False,False,False,True,69,11,20.00,6.80,30.60,0.00,1000,Tráfego Pesado,,,
2018-05-30 15:07:17,2,15,197,190,True,False,False,False,True,69,11,20.00,6.80,30.60,0.00,1000,Outros,,,
2018-05-30 15:07:17,2,15,196,190,True,False,False,False,True,69,11,20.00,6.80,30.60,0.00,1000,Outros,,,
2018-05-30 14:54:05,2,14,135,213,False,False,False,False,True,69,11,20.00,6.80,30.60,0.00,1000,Incidentes,Tráfego Pesado,,
2018-05-30 14:54:05,2,14,126,213,False,False,False,False,True,69,11,20.00,6.80,30.60,0.00,1000,Incidentes,Tráfego Pesado,,
2018-05-30 14:48:50,2,14,202,171,False,False,False,False,True,69,11,20.00,6.80,30.60,0.00,1000,Incidentes,Obstrução,Tráfego Pesado,
2018-05-30 14:48:50,2,14,199,175,False,False,False,False,True,69,11,20.00,6.80,30.60,0.00,1000,Incidentes,Obstrução,Tráfego Pesado,
2018-05-30 13:48:04,2,13,77,242,False,False,False,False,True,69,11,20.00,6.80,30.60,0.00,1000,Outros,,,
2018-05-30 13:48:04,2,13,183,168,False,False,False,False,True,69,11,20.00,6.80,30.60,0.00,1000,Outros,,,
2018-05-30 13:18:04,2,13,164,229,False,False,False,False,True,69,11,20.00,6.80,30.60,0.00,1000,Obstrução,,,
2018-05-30 13:18:04,2,13,164,228,False,False,False,False,True,69,11,20.00,6.80,30.60,0.00,1000,Obstrução,,,
2018-05-30 13:06:44,2,13,197,190,True,False,False,False,True,69,11,20.00,6.80,30.60,0.00,1000,Tráfego Livre,Tráfego Pesado,,
2018-05-30 13:06:44,2,13,196,190,True,False,False,False,True,69,11,20.00,6.80,30.60,0.00,1000,Tráfego Livre,Tráfego Pesado,,
2018-05-30 12:39:16,2,12,192,169,False,False,False,False,True,69,11,20.00,6.80,30.60,0.00,1000,Obstrução,,,
2018-05-30 12:39:16,2,12,187,171,False,False,False,False,True,69,11,20.00,6.80,30.60,0.00,1000,Obstrução,,,
2018-05-30 11:44:37,2,11,177,338,False,False,False,False,True,69,11,20.00,6.80,30.60,0.00,1000,Tráfego Pesado,,,
2018-05-30 11:44:37,2,11,179,338,False,False,False,False,True,69,11,20.00,6.80,30.60,0.00,1000,Tráfego Pesado,,,
2018-05-30 11:06:24,2,11,178,174,False,False,False,False,True,69,11,20.00,6.80,30.60,0.00,1000,Tráfego Pesado,Incidentes,,
2018-05-30 11:06:24,2,11,180,171,False,False,False,False,True,69,11,20.00,6.80,30.60,0.00,1000,Tráfego Pesado,Incidentes,,
2018-05-30 10:21:24,2,10,178,174,False,False,False,False,True,69,11,20.00,6.80,30.60,0.00,1000,Incidentes,Tráfego Pesado,,
2018-05-30 10:21:24,2,10,180,171,False,False,False,False,True,69,11,20.00,6.80,30.60,0.00,1000,Incidentes,Tráfego Pesado,,
2018-05-30 09:56:56,2,9,213,366,False,False,False,False,True,69,11,20.00,6.80,30.60,0.00,1000,Outros,,,
2018-05-30 09:56:56,2,9,198,403,False,False,False,False,True,69,11,20.00,6.80,30.60,0.00,1000,Outros,,,
2018-05-30 09:27:22,2,9,149,249,False,False,False,False,True,69,11,20.00,6.80,30.60,0.00,1000,Incidentes,Tráfego Livre,,
2018-05-30 09:27:22,2,9,158,257,False,False,False,False,True,69,11,20.00,6.80,30.60,0.00,1000,Incidentes,Tráfego Livre,,
2018-05-30 09:21:16,2,9,138,229,False,False,False,False,True,69,11,20.00,6.80,30.60,0.00,1000,Outros,,,
2018-05-30 09:21:16,2,9,139,228,False,False,False,False,True,69,11,20.00,6.80,30.60,0.00,1000,Outros,,,
2018-05-30 09:20:25,2,9,255,264,False,False,False,False,True,69,11,20.00,6.80,30.60,0.00,1000,Incidentes,Tráfego Livre,,
2018-05-30 09:20:25,2,9,246,237,False,False,False,False,True,69,11,20.00,6.80,30.60,0.00,1000,Incidentes,Tráfego Livre,,
2018-05-30 08:10:50,2,8,202,287,False,False,False,False,True,69,11,20.00,6.80,30.60,0.00,1000,Tráfego Pesado,,,
2018-05-30 08:10:50,2,8,271,283,False,False,False,False,True,69,11,20.00,6.80,30.60,0.00,1000,Tráfego Pesado,,,
2018-05-30 07:54:28,2,7,255,331,False,False,False,False,True,69,11,20.00,6.80,30.60,0.00,1000,Incidentes,,,
2018-05-30 07:54:28,2,7,255,328,False,False,False,False,True,69,11,20.00,6.80,30.60,0.00,1000,Incidentes,,,
2018-05-30 07:24:13,2,7,294,251,False,False,False,False,True,69,11,20.00,6.80,30.60,0.00,1000,Tráfego Pesado,,,
2018-05-30 07:24:13,2,7,292,244,False,False,False,False,True,69,11,20.00,6.80,30.60,0.00,1000,Tráfego Pesado,,,
2018-05-30 07:00:54,2,7,197,190,False,False,False,False,True,69,11,20.00,6.80,30.60,0.00,1000,Tráfego Pesado,,,
2018-05-30 07:00:54,2,7,128,214,False,False,False,False,True,69,11,20.00,6.80,30.60,0.00,1000,Tráfego Pesado,,,
2018-05-29 13:55:35,1,13,197,190,True,False,False,False,False,64,1,20.40,9.00,30.60,0.00,1003,Incidentes,Tráfego Pesado,,
2018-05-29 13:38:29,1,13,197,190,True,False,False,False,False,64,1,20.40,9.00,30.60,0.00,1003,Outros,,,
2018-05-29 13:38:29,1,13,196,190,True,False,False,False,False,64,1,20.40,9.00,30.60,0.00,1003,Outros,,,
2018-05-29 13:08:13,1,13,197,190,True,False,False,False,False,64,1,20.40,9.00,30.60,0.00,1003,Tráfego Livre,Tráfego Pesado,,
2018-05-29 13:08:13,1,13,196,190,True,False,False,False,False,64,1,20.40,9.00,30.60,0.00,1003,Tráfego Livre,Tráfego Pesado,,
2018-05-27 18:26:10,6,18,197,190,True,False,False,False,False,87,10,17.20,5.80,30.60,0.00,1003,Outros,,,
2018-05-27 18:26:10,6,18,196,190,True,False,False,False,False,87,10,17.20,5.80,30.60,0.00,1003,Outros,,,
2018-05-25 22:30:00,4,22,197,190,True,False,False,False,False,72,11,12.50,4.30,30.80,0.00,1000,Outros,,,
2018-05-25 22:30:00,4,22,196,190,True,False,False,False,False,72,11,12.50,4.30,30.80,0.00,1000,Outros,,,
2018-05-25 21:30:01,4,21,197,190,True,False,False,False,False,72,11,12.50,4.30,30.80,0.00,1000,Outros,,,
2018-05-25 21:30:01,4,21,196,190,True,False,False,False,False,72,11,12.50,4.30,30.80,0.00,1000,Outros,,,
2018-05-25 20:30:00,4,20,197,190,True,False,False,False,False,72,11,12.50,4.30,30.80,0.00,1000,Outros,,,
2018-05-25 20:30:00,4,20,196,190,True,False,False,False,False,72,11,12.50,4.30,30.80,0.00,1000,Outros,,,
2018-05-25 19:30:00,4,19,197,190,True,False,False,False,False,72,11,12.50,4.30,30.80,0.00,1000,Outros,,,
2018-05-25 19:30:00,4,19,196,190,True,False,False,False,False,72,11,12.50,4.30,30.80,0.00,1000,Outros,,,
2018-05-25 17:33:03,4,17,197,190,True,False,False,False,False,72,11,12.50,4.30,30.80,0.00,1000,Outros,,,
2018-05-25 17:33:03,4,17,196,190,True,False,False,False,False,72,11,12.50,4.30,30.80,0.00,1000,Outros,,,
2018-05-25 16:08:40,4,16,197,190,True,False,False,False,False,72,11,12.50,4.30,30.80,0.00,1000,Outros,,,
2018-05-25 16:08:40,4,16,196,190,True,False,False,False,False,72,11,12.50,4.30,30.80,0.00,1000,Outros,,,
2018-05-25 15:32:50,4,15,197,190,True,False,False,False,False,72,11,12.50,4.30,30.80,0.00,1000,Clima,,,
2018-05-25 15:32:50,4,15,196,190,True,False,False,False,False,72,11,12.50,4.30,30.80,0.00,1000,Clima,,,
2018-05-25 15:31:06,4,15,197,190,True,False,False,False,False,72,11,12.50,4.30,30.80,0.00,1000,Obstrução,,,
2018-05-25 14:47:39,4,14,197,190,True,False,False,False,False,72,11,12.50,4.30,30.80,0.00,1000,Obstrução,Tráfego Livre,,
2018-05-25 14:27:25,4,14,197,190,True,False,False,False,False,72,11,12.50,4.30,30.80,0.00,1000,Obstrução,Tráfego Pesado,,
2018-05-25 13:30:32,4,13,197,190,True,False,False,False,False,72,11,12.50,4.30,30.80,0.00,1000,Tráfego Livre,Tráfego Pesado,,
2018-05-24 17:45:02,3,17,197,190,True,False,False,False,False,78,0,13.30,5.00,30.80,0.00,1000,Tráfego Pesado,,,
2018-05-24 14:56:01,3,14,197,190,True,False,False,False,False,78,0,13.30,5.00,30.80,0.00,1000,Outros,,,
2018-05-24 14:56:01,3,14,196,190,True,False,False,False,False,78,0,13.30,5.00,30.80,0.00,1000,Outros,,,
2018-05-24 14:53:25,3,14,197,190,True,False,False,False,False,78,0,13.30,5.00,30.80,0.00,1000,Tráfego Pesado,Obstrução,,
2018-05-24 13:20:02,3,13,197,190,True,False,False,False,False,78,0,13.30,5.00,30.80,0.00,1000,Tráfego Pesado,Obstrução,,
2018-05-23 18:12:26,2,18,197,190,True,False,False,False,False,83,10,12.70,8.60,30.70,0.00,1000,Outros,,,
2018-05-23 18:12:26,2,18,196,190,True,False,False,False,False,83,10,12.70,8.60,30.70,0.00,1000,Outros,,,
2018-05-23 17:39:25,2,17,197,190,True,False,False,False,False,83,10,12.70,8.60,30.70,0.00,1000,Tráfego Pesado,,,
2018-05-23 17:23:27,2,17,197,190,True,False,False,False,False,83,10,12.70,8.60,30.70,0.00,1000,Tráfego Pesado,,,
2018-05-23 13:06:47,2,13,197,190,True,False,False,False,False,83,10,12.70,8.60,30.70,0.00,1000,Tráfego Livre,Tráfego Pesado,,
2018-05-22 17:32:36,1,17,197,190,True,False,False,False,False,88,16,13.90,7.60,30.60,0.00,1003,Tráfego Pesado,,,
2018-05-22 16:40:04,1,16,197,190,True,False,False,False,False,88,16,13.90,7.60,30.60,0.00,1003,Tráfego Livre,,,
2018-05-22 13:22:38,1,13,197,190,True,False,False,False,False,88,16,13.90,7.60,30.60,0.00,1003,Tráfego Livre,Tráfego Pesado,,
2018-05-22 12:24:58,1,12,197,190,True,False,False,False,False,88,16,13.90,7.60,30.60,0.00,1003,Outros,,,
2018-05-22 12:24:58,1,12,196,190,True,False,False,False,False,88,16,13.90,7.60,30.60,0.00,1003,Outros,,,
2018-05-18 17:40:16,4,17,197,190,True,False,False,False,False,70,41,17.00,14.80,30.50,0.00,1003,Tráfego Pesado,,,
2018-05-18 13:25:14,4,13,197,190,True,False,False,False,False,70,41,17.00,14.80,30.50,0.00,1003,Outros,,,
2018-05-18 13:25:14,4,13,196,190,True,False,False,False,False,70,41,17.00,14.80,30.50,0.00,1003,Outros,,,
2018-05-18 13:10:53,4,13,197,190,True,False,False,False,False,70,41,17.00,14.80,30.50,0.00,1003,Tráfego Pesado,Clima,,
2018-05-18 13:10:53,4,13,196,190,True,False,False,False,False,70,41,17.00,14.80,30.50,0.00,1003,Tráfego Pesado,Clima,,
2018-05-17 18:22:02,3,18,197,190,True,False,False,False,False,64,5,17.60,4.30,30.60,0.00,1003,Tráfego Pesado,,,
2018-05-17 17:35:09,3,17,197,190,True,False,False,False,False,64,5,17.60,4.30,30.60,0.00,1003,Tráfego Pesado,Tráfego Livre,,
2018-05-17 17:25:32,3,17,197,190,True,False,False,False,False,64,5,17.60,4.30,30.60,0.00,1003,Tráfego Livre,,,
2018-05-17 17:13:09,3,17,197,190,True,False,False,False,False,64,5,17.60,4.30,30.60,0.00,1003,Tráfego Pesado,,,
2018-05-17 16:21:23,3,16,197,190,True,False,False,False,False,64,5,17.60,4.30,30.60,0.00,1003,Obstrução,Tráfego Pesado,,
2018-05-17 13:18:16,3,13,197,190,True,False,False,False,False,64,5,17.60,4.30,30.60,0.00,1003,Tráfego Livre,,,
2018-05-16 18:04:31,2,18,197,190,True,False,False,False,False,94,47,19.40,4.30,30.40,0.07,1087,Tráfego Pesado,,,
2018-05-16 15:42:09,2,15,197,190,True,False,False,False,False,94,47,19.40,4.30,30.40,0.07,1087,Tráfego Livre,Tráfego Pesado,,
2018-05-16 15:21:46,2,15,197,190,True,False,False,False,False,94,47,19.40,4.30,30.40,0.07,1087,Tráfego Pesado,,,
2018-05-16 12:16:32,2,12,197,190,True,False,False,False,False,94,47,19.40,4.30,30.40,0.07,1087,Incidentes,Tráfego Pesado,Tráfego Livre,
2018-05-16 12:02:22,2,12,197,190,True,False,False,False,False,94,47,19.40,4.30,30.40,0.07,1087,Tráfego Pesado,Incidentes,,
2018-05-15 18:56:28,1,18,197,190,True,False,False,False,False,72,0,20.30,6.80,30.40,0.00,1000,Incidentes,Tráfego Pesado,,
2018-05-15 17:40:30,1,17,197,190,True,False,False,False,False,72,0,20.30,6.80,30.40,0.00,1000,Tráfego Pesado,,,
2018-05-15 17:15:58,1,17,197,190,True,False,False,False,False,72,0,20.30,6.80,30.40,0.00,1000,Tráfego Pesado,,,
2018-05-15 16:39:28,1,16,197,190,True,False,False,False,False,72,0,20.30,6.80,30.40,0.00,1000,Tráfego Livre,Tráfego Pesado,,
2018-05-15 15:35:08,1,15,197,190,True,False,False,False,False,72,0,20.30,6.80,30.40,0.00,1000,Tráfego Livre,,,
2018-05-15 14:33:19,1,14,197,190,True,False,False,False,False,72,0,20.30,6.80,30.40,0.00,1000,Outros,,,
2018-05-15 14:33:19,1,14,196,190,True,False,False,False,False,72,0,20.30,6.80,30.40,0.00,1000,Outros,,,
2018-05-15 13:12:16,1,13,197,190,True,False,False,False,False,72,0,20.30,6.80,30.40,0.00,1000,Tráfego Livre,,,
2018-05-15 13:12:16,1,13,196,190,True,False,False,False,False,72,0,20.30,6.80,30.40,0.00,1000,Tráfego Livre,,,
2018-05-12 15:14:54,5,15,197,190,True,False,False,False,False,77,90,18.50,18.40,30.40,0.00,1009,Tráfego Pesado,,,
2018-05-11 18:48:02,4,18,197,190,True,False,False,False,False,63,13,21.90,9.70,30.40,0.00,1000,Tráfego Pesado,,,
2018-05-11 18:00:20,4,18,197,190,True,False,False,False,False,63,13,21.90,9.70,30.40,0.00,1000,Tráfego Pesado,,,
2018-05-11 18:00:20,4,18,196,190,True,False,False,False,False,63,13,21.90,9.70,30.40,0.00,1000,Tráfego Pesado,,,
2018-05-11 17:48:04,4,17,197,190,True,False,False,False,False,63,13,21.90,9.70,30.40,0.00,1000,Tráfego Pesado,,,
2018-05-11 17:22:21,4,17,197,190,True,False,False,False,False,63,13,21.90,9.70,30.40,0.00,1000,Tráfego Pesado,,,
2018-05-11 16:38:09,4,16,197,190,True,False,False,False,False,63,13,21.90,9.70,30.40,0.00,1000,Outros,,,
2018-05-11 16:38:09,4,16,196,190,True,False,False,False,False,63,13,21.90,9.70,30.40,0.00,1000,Outros,,,
2018-05-11 15:38:36,4,15,197,190,True,False,False,False,False,63,13,21.90,9.70,30.40,0.00,1000,Tráfego Pesado,Clima,,
2018-05-11 14:30:06,4,14,197,190,True,False,False,False,False,63,13,21.90,9.70,30.40,0.00,1000,Clima,Tráfego Pesado,,
2018-05-11 13:25:26,4,13,197,190,True,False,False,False,False,63,13,21.90,9.70,30.40,0.00,1000,Tráfego Pesado,Clima,,
2018-05-11 13:25:26,4,13,196,190,True,False,False,False,False,63,13,21.90,9.70,30.40,0.00,1000,Tráfego Pesado,Clima,,
2018-05-10 18:44:08,3,18,197,190,True,False,False,False,False,72,23,21.50,6.80,30.50,0.00,1000,Tráfego Pesado,,,
2018-05-10 18:00:10,3,18,197,190,True,False,False,False,False,72,23,21.50,6.80,30.50,0.00,1000,Tráfego Pesado,,,
2018-05-10 17:30:39,3,17,197,190,True,False,False,False,False,72,23,21.50,6.80,30.50,0.00,1000,Tráfego Pesado,,,
2018-05-10 17:14:17,3,17,197,190,True,False,False,False,False,72,23,21.50,6.80,30.50,0.00,1000,Tráfego Pesado,,,
2018-05-10 15:45:58,3,15,197,190,True,False,False,False,False,72,23,21.50,6.80,30.50,0.00,1000,Outros,,,
2018-05-10 15:45:58,3,15,196,190,True,False,False,False,False,72,23,21.50,6.80,30.50,0.00,1000,Outros,,,
2018-05-10 13:20:03,3,13,197,190,True,False,False,False,False,72,23,21.50,6.80,30.50,0.00,1000,Tráfego Livre,,,
2018-05-09 18:50:59,2,18,197,190,True,False,False,False,False,82,41,19.30,8.60,30.60,0.00,1003,Tráfego Pesado,,,
2018-05-09 18:15:17,2,18,197,190,True,False,False,False,False,82,41,19.30,8.60,30.60,0.00,1003,Tráfego Pesado,,,
2018-05-09 17:36:44,2,17,197,190,True,False,False,False,False,82,41,19.30,8.60,30.60,0.00,1003,Incidentes,Tráfego Pesado,,
2018-05-09 17:12:03,2,17,197,190,True,False,False,False,False,82,41,19.30,8.60,30.60,0.00,1003,Outros,,,
2018-05-09 17:12:03,2,17,196,190,True,False,False,False,False,82,41,19.30,8.60,30.60,0.00,1003,Outros,,,
2018-05-09 15:35:04,2,15,197,190,True,False,False,False,False,82,41,19.30,8.60,30.60,0.00,1003,Tráfego Livre,Tráfego Pesado,,
2018-05-09 13:45:13,2,13,197,190,True,False,False,False,False,82,41,19.30,8.60,30.60,0.00,1003,Obstrução,Tráfego Livre,,
2018-05-08 17:55:06,1,17,197,190,True,False,False,False,False,86,5,18.20,11.20,30.70,0.00,1000,Tráfego Pesado,,,
2018-05-08 17:46:18,1,17,197,190,True,False,False,False,False,86,5,18.20,11.20,30.70,0.00,1000,Tráfego Pesado,,,
2018-05-04 16:55:33,4,16,197,190,True,False,False,False,False,88,22,20.70,5.00,30.50,0.00,1000,Tráfego Livre,,,
2018-05-04 16:13:06,4,16,197,190,True,False,False,False,False,88,22,20.70,5.00,30.50,0.00,1000,Tráfego Pesado,,,
2018-05-04 15:20:04,4,15,197,190,True,False,False,False,False,88,22,20.70,5.00,30.50,0.00,1000,Outros,,,
2018-05-04 11:47:08,4,11,197,190,True,False,False,False,False,88,22,20.70,5.00,30.50,0.00,1000,Tráfego Pesado,Incidentes,Tráfego Livre,
2018-05-04 10:11:13,4,10,197,201,True,False,False,False,False,88,22,20.70,5.00,30.50,0.00,1000,Obstrução,Tráfego Pesado,,
2018-05-04 10:11:13,4,10,196,199,True,False,False,False,False,88,22,20.70,5.00,30.50,0.00,1000,Obstrução,Tráfego Pesado,,
2018-05-03 18:45:33,3,18,197,190,True,False,False,False,False,93,31,19.50,7.20,30.50,0.01,1063,Tráfego Livre,Tráfego Pesado,,
2018-05-03 17:12:28,3,17,197,190,True,False,False,False,False,93,31,19.50,7.20,30.50,0.01,1063,Tráfego Pesado,,,
2018-05-03 16:32:05,3,16,197,190,True,False,False,False,False,93,31,19.50,7.20,30.50,0.01,1063,Outros,,,
2018-05-03 13:30:03,3,13,197,190,True,False,False,False,False,93,31,19.50,7.20,30.50,0.01,1063,Clima,,,
2018-05-03 13:30:03,3,13,196,190,True,False,False,False,False,93,31,19.50,7.20,30.50,0.01,1063,Clima,,,
2018-05-03 13:15:03,3,13,197,190,True,False,False,False,False,93,31,19.50,7.20,30.50,0.01,1063,Tráfego Pesado,Obstrução,,
2018-05-03 12:21:47,3,12,197,190,True,False,False,False,False,93,31,19.50,7.20,30.50,0.01,1063,Outros,,,
2018-05-03 12:21:47,3,12,196,190,True,False,False,False,False,93,31,19.50,7.20,30.50,0.01,1063,Outros,,,
2018-05-02 17:41:21,2,17,197,190,True,False,False,False,False,80,100,19.10,13.00,30.60,0.00,1009,Tráfego Pesado,,,
2018-05-02 16:31:57,2,16,197,190,True,False,False,False,False,80,100,19.10,13.00,30.60,0.00,1009,Tráfego Pesado,,,
2018-05-02 13:06:36,2,13,197,190,True,False,False,False,False,80,100,19.10,13.00,30.60,0.00,1009,Tráfego Livre,Obstrução,,
2018-05-01 15:31:05,1,15,82,239,False,False,False,True,False,87,89,21.10,6.10,30.60,0.00,1009,Clima,,,
2018-05-01 15:31:05,1,15,79,237,False,False,False,True,False,87,89,21.10,6.10,30.60,0.00,1009,Clima,,,
2018-05-01 15:05:44,1,15,184,169,False,False,False,True,False,87,89,21.10,6.10,30.60,0.00,1009,Outros,,,
2018-05-01 15:05:44,1,15,184,168,False,False,False,True,False,87,89,21.10,6.10,30.60,0.00,1009,Outros,,,
2018-05-01 14:51:47,1,14,260,317,False,False,False,True,False,87,89,21.10,6.10,30.60,0.00,1009,Incidentes,,,
2018-05-01 14:51:47,1,14,255,331,False,False,False,True,False,87,89,21.10,6.10,30.60,0.00,1009,Incidentes,,,
2018-05-01 14:30:37,1,14,220,165,False,False,False,True,False,87,89,21.10,6.10,30.60,0.00,1009,Incidentes,,,
2018-05-01 14:30:37,1,14,197,190,True,False,False,True,False,87,89,21.10,6.10,30.60,0.00,1009,Incidentes,,,
2018-05-01 13:45:08,1,13,207,236,False,False,False,True,False,87,89,21.10,6.10,30.60,0.00,1009,Semáforo,,,
2018-05-01 13:45:08,1,13,213,213,False,False,False,True,False,87,89,21.10,6.10,30.60,0.00,1009,Semáforo,,,
2018-05-01 13:19:02,1,13,197,190,True,False,False,True,False,87,89,21.10,6.10,30.60,0.00,1009,Tráfego Livre,Incidentes,,
2018-05-01 13:19:02,1,13,190,187,False,False,False,True,False,87,89,21.10,6.10,30.60,0.00,1009,Tráfego Livre,Incidentes,,
2018-05-01 12:35:33,1,12,190,187,False,False,False,True,False,87,89,21.10,6.10,30.60,0.00,1009,Incidentes,Tráfego Livre,Obstrução,
2018-05-01 12:35:33,1,12,189,187,False,False,False,True,False,87,89,21.10,6.10,30.60,0.00,1009,Incidentes,Tráfego Livre,Obstrução,
2018-05-01 11:50:38,1,11,197,190,False,False,False,True,False,87,89,21.10,6.10,30.60,0.00,1009,Outros,,,
2018-05-01 11:50:38,1,11,196,190,False,False,False,True,False,87,89,21.10,6.10,30.60,0.00,1009,Outros,,,
2018-05-01 11:24:42,1,11,53,430,False,False,False,True,False,87,89,21.10,6.10,30.60,0.00,1009,Incidentes,,,
2018-05-01 11:24:42,1,11,65,474,False,False,False,True,False,87,89,21.10,6.10,30.60,0.00,1009,Incidentes,,,
2018-05-01 11:05:44,1,11,82,239,False,False,False,True,False,87,89,21.10,6.10,30.60,0.00,1009,Outros,,,
2018-05-01 11:05:44,1,11,79,237,False,False,False,True,False,87,89,21.10,6.10,30.60,0.00,1009,Outros,,,
2018-05-01 09:41:42,1,9,163,290,False,False,False,True,False,87,89,21.10,6.10,30.60,0.00,1009,Incidentes,,,
2018-05-01 09:41:42,1,9,158,257,False,False,False,True,False,87,89,21.10,6.10,30.60,0.00,1009,Incidentes,,,
2018-05-01 09:09:12,1,9,188,415,False,False,False,True,False,87,89,21.10,6.10,30.60,0.00,1009,Incidentes,,,
2018-05-01 09:09:12,1,9,188,414,False,False,False,True,False,87,89,21.10,6.10,30.60,0.00,1009,Incidentes,,,
2018-05-01 08:59:39,1,8,197,190,False,False,False,True,False,87,89,21.10,6.10,30.60,0.00,1009,Clima,,,
2018-05-01 08:59:39,1,8,196,190,False,False,False,True,False,87,89,21.10,6.10,30.60,0.00,1009,Clima,,,
2018-04-30 19:29:45,0,19,82,239,False,False,False,False,True,62,28,24.30,3.20,30.40,0.00,1003,Outros,,,
2018-04-30 19:29:45,0,19,79,237,False,False,False,False,True,62,28,24.30,3.20,30.40,0.00,1003,Outros,,,
2018-04-30 19:03:40,0,19,197,190,False,False,False,False,True,62,28,24.30,3.20,30.40,0.00,1003,Tráfego Livre,Tráfego Pesado,,
2018-04-30 19:03:40,0,19,128,214,False,False,False,False,True,62,28,24.30,3.20,30.40,0.00,1003,Tráfego Livre,Tráfego Pesado,,
2018-04-30 18:35:58,0,18,137,352,False,False,False,False,True,62,28,24.30,3.20,30.40,0.00,1003,Tráfego Pesado,,,
2018-04-30 18:35:58,0,18,137,353,False,False,False,False,True,62,28,24.30,3.20,30.40,0.00,1003,Tráfego Pesado,,,
2018-04-30 18:22:46,0,18,213,366,False,False,False,False,True,62,28,24.30,3.20,30.40,0.00,1003,Tráfego Pesado,,,
2018-04-30 18:22:46,0,18,197,201,False,False,False,False,True,62,28,24.30,3.20,30.40,0.00,1003,Tráfego Pesado,,,
2018-04-30 17:44:08,0,17,190,187,False,False,False,False,True,62,28,24.30,3.20,30.40,0.00,1003,Tráfego Livre,,,
2018-04-30 17:44:08,0,17,197,190,False,False,False,False,True,62,28,24.30,3.20,30.40,0.00,1003,Tráfego Livre,,,
2018-04-30 17:23:40,0,17,221,294,False,False,False,False,True,62,28,24.30,3.20,30.40,0.00,1003,Tráfego Livre,Tráfego Pesado,,
2018-04-30 17:23:40,0,17,179,338,False,False,False,False,True,62,28,24.30,3.20,30.40,0.00,1003,Tráfego Livre,Tráfego Pesado,,
2018-04-30 16:53:24,0,16,213,185,False,False,False,False,True,62,28,24.30,3.20,30.40,0.00,1003,Incidentes,,,
2018-04-30 16:53:24,0,16,214,183,False,False,False,False,True,62,28,24.30,3.20,30.40,0.00,1003,Incidentes,,,
2018-04-30 15:53:02,0,15,177,338,False,False,False,False,True,62,28,24.30,3.20,30.40,0.00,1003,Tráfego Pesado,,,
2018-04-30 15:53:02,0,15,179,338,False,False,False,False,True,62,28,24.30,3.20,30.40,0.00,1003,Tráfego Pesado,,,
2018-04-30 15:14:13,0,15,190,187,False,False,False,False,True,62,28,24.30,3.20,30.40,0.00,1003,Incidentes,,,
2018-04-30 15:14:13,0,15,189,187,False,False,False,False,True,62,28,24.30,3.20,30.40,0.00,1003,Incidentes,,,
2018-04-30 14:55:39,0,14,142,209,False,False,False,False,True,62,28,24.30,3.20,30.40,0.00,1003,Obstrução,Tráfego Livre,,
2018-04-30 14:25:17,0,14,177,338,False,False,False,False,True,62,28,24.30,3.20,30.40,0.00,1003,Tráfego Pesado,Obstrução,,
2018-04-30 14:25:17,0,14,179,338,False,False,False,False,True,62,28,24.30,3.20,30.40,0.00,1003,Tráfego Pesado,Obstrução,,
2018-04-30 13:58:11,0,13,183,286,False,False,False,False,True,62,28,24.30,3.20,30.40,0.00,1003,Incidentes,Tráfego Pesado,,
2018-04-30 13:58:11,0,13,179,285,False,False,False,False,True,62,28,24.30,3.20,30.40,0.00,1003,Incidentes,Tráfego Pesado,,
2018-04-30 13:51:03,0,13,213,366,False,False,False,False,True,62,28,24.30,3.20,30.40,0.00,1003,Obstrução,Tráfego Pesado,,
2018-04-30 13:51:03,0,13,233,347,False,False,False,False,True,62,28,24.30,3.20,30.40,0.00,1003,Obstrução,Tráfego Pesado,,
2018-04-30 13:45:27,0,13,208,229,False,False,False,False,True,62,28,24.30,3.20,30.40,0.00,1003,Obstrução,Tráfego Livre,,
2018-04-30 13:45:27,0,13,209,220,False,False,False,False,True,62,28,24.30,3.20,30.40,0.00,1003,Obstrução,Tráfego Livre,,
2018-04-30 13:21:59,0,13,197,190,False,False,False,False,True,62,28,24.30,3.20,30.40,0.00,1003,Tráfego Livre,Obstrução,,
2018-04-30 13:21:59,0,13,192,184,False,False,False,False,True,62,28,24.30,3.20,30.40,0.00,1003,Tráfego Livre,Obstrução,,
2018-04-30 12:58:43,0,12,246,176,False,False,False,False,True,62,28,24.30,3.20,30.40,0.00,1003,Incidentes,Obstrução,Tráfego Pesado,
2018-04-30 11:54:14,0,11,197,190,False,False,False,False,True,62,28,24.30,3.20,30.40,0.00,1003,Tráfego Livre,,,
2018-04-30 11:54:14,0,11,196,190,False,False,False,False,True,62,28,24.30,3.20,30.40,0.00,1003,Tráfego Livre,,,
2018-04-30 10:18:07,0,10,82,239,False,False,False,False,True,62,28,24.30,3.20,30.40,0.00,1003,Outros,,,
2018-04-30 10:18:07,0,10,79,237,False,False,False,False,True,62,28,24.30,3.20,30.40,0.00,1003,Outros,,,
2018-04-30 09:50:23,0,9,197,190,False,False,False,False,True,62,28,24.30,3.20,30.40,0.00,1003,Tráfego Livre,,,
2018-04-30 09:50:23,0,9,196,190,False,False,False,False,True,62,28,24.30,3.20,30.40,0.00,1003,Tráfego Livre,,,
2018-04-30 09:16:26,0,9,135,213,False,False,False,False,True,62,28,24.30,3.20,30.40,0.00,1003,Incidentes,Obstrução,,
2018-04-30 09:16:26,0,9,161,214,False,False,False,False,True,62,28,24.30,3.20,30.40,0.00,1003,Incidentes,Obstrução,,
2018-04-30 09:00:12,0,9,180,382,False,False,False,False,True,62,28,24.30,3.20,30.40,0.00,1003,Semáforo,Tráfego Pesado,,
2018-04-30 09:00:12,0,9,181,381,False,False,False,False,True,62,28,24.30,3.20,30.40,0.00,1003,Semáforo,Tráfego Pesado,,
2018-04-30 08:40:08,0,8,197,190,False,False,False,False,True,62,28,24.30,3.20,30.40,0.00,1003,Tráfego Pesado,,,
2018-04-30 08:40:08,0,8,178,174,False,False,False,False,True,62,28,24.30,3.20,30.40,0.00,1003,Tráfego Pesado,,,
2018-04-30 08:07:10,0,8,185,210,False,False,False,False,True,62,28,24.30,3.20,30.40,0.00,1003,Incidentes,Tráfego Pesado,,
2018-04-30 08:07:10,0,8,201,211,False,False,False,False,True,62,28,24.30,3.20,30.40,0.00,1003,Incidentes,Tráfego Pesado,,
2018-04-30 07:46:37,0,7,213,366,False,False,False,False,True,62,28,24.30,3.20,30.40,0.00,1003,Tráfego Pesado,,,
2018-04-30 07:46:37,0,7,197,201,False,False,False,False,True,62,28,24.30,3.20,30.40,0.00,1003,Tráfego Pesado,,,
2018-04-30 07:25:13,0,7,197,190,False,False,False,False,True,62,28,24.30,3.20,30.40,0.00,1003,Tráfego Pesado,,,
2018-04-30 07:25:13,0,7,128,214,False,False,False,False,True,62,28,24.30,3.20,30.40,0.00,1003,Tráfego Pesado,,,
2018-04-30 07:15:25,0,7,197,190,False,False,False,False,True,62,28,24.30,3.20,30.40,0.00,1003,Tráfego Livre,,,
2018-04-30 07:15:25,0,7,213,366,False,False,False,False,True,62,28,24.30,3.20,30.40,0.00,1003,Tráfego Livre,,,
2018-04-27 16:50:09,4,16,197,190,True,False,False,False,False,88,12,21.10,7.20,30.50,0.00,1000,Tráfego Livre,,,
2018-04-27 16:38:32,4,16,197,190,True,False,False,False,False,88,12,21.10,7.20,30.50,0.00,1000,Tráfego Pesado,Tráfego Livre,,
2018-04-27 15:48:41,4,15,197,190,True,False,False,False,False,88,12,21.10,7.20,30.50,0.00,1000,Outros,,,
2018-04-27 15:48:41,4,15,196,190,True,False,False,False,False,88,12,21.10,7.20,30.50,0.00,1000,Outros,,,
2018-04-27 13:12:06,4,13,197,190,True,False,False,False,False,88,12,21.10,7.20,30.50,0.00,1000,Tráfego Livre,Tráfego Pesado,,
2018-04-26 18:41:11,3,18,197,190,True,False,False,False,False,76,14,22.40,1.80,30.60,0.00,1000,Tráfego Pesado,,,
2018-04-26 14:10:30,3,14,197,190,True,False,False,False,False,76,14,22.40,1.80,30.60,0.00,1000,Obstrução,,,
2018-04-26 13:08:20,3,13,197,190,True,False,False,False,False,76,14,22.40,1.80,30.60,0.00,1000,Tráfego Livre,Obstrução,,
2018-04-26 13:08:20,3,13,196,190,True,False,False,False,False,76,14,22.40,1.80,30.60,0.00,1000,Tráfego Livre,Obstrução,,
2018-04-25 13:25:16,2,13,197,190,True,False,False,False,False,89,22,22.00,4.70,30.60,0.00,1000,Tráfego Livre,Obstrução,,
2018-04-24 13:35:21,1,13,197,190,True,False,False,False,False,86,27,22.20,4.00,30.50,0.02,1063,Tráfego Pesado,Obstrução,,
2018-04-21 10:00:01,5,10,246,151,False,False,False,True,False,64,34,22.50,2.20,30.50,0.00,1003,Obstrução,,,
2018-04-21 10:00:01,5,10,200,138,False,False,False,True,False,64,34,22.50,2.20,30.50,0.00,1003,Obstrução,,,
2018-04-21 08:00:00,5,8,181,265,False,False,False,True,False,64,34,22.50,2.20,30.50,0.00,1003,Outros,,,
2018-04-21 08:00:00,5,8,182,264,False,False,False,True,False,64,34,22.50,2.20,30.50,0.00,1003,Outros,,,
2018-04-20 19:00:01,4,19,82,239,False,False,False,False,True,64,14,21.20,4.70,30.60,0.00,1000,Outros,,,
2018-04-20 19:00:01,4,19,79,237,False,False,False,False,True,64,14,21.20,4.70,30.60,0.00,1000,Outros,,,
2018-04-20 18:22:06,4,18,246,151,False,False,False,False,True,64,14,21.20,4.70,30.60,0.00,1000,Tráfego Pesado,,,
2018-04-20 18:22:06,4,18,246,150,False,False,False,False,True,64,14,21.20,4.70,30.60,0.00,1000,Tráfego Pesado,,,
2018-04-20 17:47:14,4,17,197,190,False,False,False,False,True,64,14,21.20,4.70,30.60,0.00,1000,Tráfego Pesado,Tráfego Livre,,
2018-04-20 17:47:14,4,17,128,214,False,False,False,False,True,64,14,21.20,4.70,30.60,0.00,1000,Tráfego Pesado,Tráfego Livre,,
2018-04-20 17:38:47,4,17,213,366,False,False,False,False,True,64,14,21.20,4.70,30.60,0.00,1000,Tráfego Pesado,,,
2018-04-20 17:38:47,4,17,214,361,False,False,False,False,True,64,14,21.20,4.70,30.60,0.00,1000,Tráfego Pesado,,,
2018-04-20 17:30:15,4,17,190,187,False,False,False,False,True,64,14,21.20,4.70,30.60,0.00,1000,Tráfego Pesado,,,
2018-04-20 17:30:15,4,17,189,187,False,False,False,False,True,64,14,21.20,4.70,30.60,0.00,1000,Tráfego Pesado,,,
2018-04-20 17:28:22,4,17,197,190,False,False,False,False,True,64,14,21.20,4.70,30.60,0.00,1000,Tráfego Pesado,,,
2018-04-20 17:28:22,4,17,177,338,False,False,False,False,True,64,14,21.20,4.70,30.60,0.00,1000,Tráfego Pesado,,,
2018-04-20 16:34:31,4,16,197,190,False,False,False,False,True,64,14,21.20,4.70,30.60,0.00,1000,Tráfego Livre,,,
2018-04-20 16:34:31,4,16,138,229,False,False,False,False,True,64,14,21.20,4.70,30.60,0.00,1000,Tráfego Livre,,,
2018-04-20 16:30:34,4,16,197,190,False,False,False,False,True,64,14,21.20,4.70,30.60,0.00,1000,Tráfego Pesado,,,
2018-04-20 16:30:34,4,16,190,187,False,False,False,False,True,64,14,21.20,4.70,30.60,0.00,1000,Tráfego Pesado,,,
2018-04-20 16:20:38,4,16,53,430,False,False,False,False,True,64,14,21.20,4.70,30.60,0.00,1000,Incidentes,Tráfego Pesado,,
2018-04-20 16:20:38,4,16,65,474,False,False,False,False,True,64,14,21.20,4.70,30.60,0.00,1000,Incidentes,Tráfego Pesado,,
2018-04-20 15:35:40,4,15,158,257,False,False,False,False,True,64,14,21.20,4.70,30.60,0.00,1000,Tráfego Pesado,,,
2018-04-20 15:35:40,4,15,140,251,False,False,False,False,True,64,14,21.20,4.70,30.60,0.00,1000,Tráfego Pesado,,,
2018-04-20 15:26:30,4,15,239,259,False,False,False,False,True,64,14,21.20,4.70,30.60,0.00,1000,Incidentes,Tráfego Pesado,,
2018-04-20 15:26:30,4,15,240,260,False,False,False,False,True,64,14,21.20,4.70,30.60,0.00,1000,Incidentes,Tráfego Pesado,,
2018-04-20 15:13:13,4,15,178,271,False,False,False,False,True,64,14,21.20,4.70,30.60,0.00,1000,Incidentes,Tráfego Pesado,,
2018-04-20 15:13:13,4,15,178,270,False,False,False,False,True,64,14,21.20,4.70,30.60,0.00,1000,Incidentes,Tráfego Pesado,,
2018-04-20 14:22:47,4,14,82,239,False,False,False,False,True,64,14,21.20,4.70,30.60,0.00,1000,Outros,,,
2018-04-20 14:22:47,4,14,79,237,False,False,False,False,True,64,14,21.20,4.70,30.60,0.00,1000,Outros,,,
2018-04-20 13:55:05,4,13,187,187,False,False,False,False,True,64,14,21.20,4.70,30.60,0.00,1000,Tráfego Pesado,,,
2018-04-20 13:55:05,4,13,185,191,False,False,False,False,True,64,14,21.20,4.70,30.60,0.00,1000,Tráfego Pesado,,,
2018-04-20 13:48:14,4,13,94,379,False,False,False,False,True,64,14,21.20,4.70,30.60,0.00,1000,Incidentes,Tráfego Pesado,,
2018-04-20 13:48:14,4,13,94,378,False,False,False,False,True,64,14,21.20,4.70,30.60,0.00,1000,Incidentes,Tráfego Pesado,,
2018-04-20 13:00:29,4,13,148,205,False,False,False,False,True,64,14,21.20,4.70,30.60,0.00,1000,Tráfego Livre,,,
2018-04-20 13:00:29,4,13,159,198,False,False,False,False,True,64,14,21.20,4.70,30.60,0.00,1000,Tráfego Livre,,,
2018-04-20 12:49:00,4,12,154,358,False,False,False,False,True,64,14,21.20,4.70,30.60,0.00,1000,Obstrução,,,
2018-04-20 12:49:00,4,12,160,431,False,False,False,False,True,64,14,21.20,4.70,30.60,0.00,1000,Obstrução,,,
2018-04-20 12:23:24,4,12,138,229,False,False,False,False,True,64,14,21.20,4.70,30.60,0.00,1000,Tráfego Livre,,,
2018-04-20 12:23:24,4,12,140,228,False,False,False,False,True,64,14,21.20,4.70,30.60,0.00,1000,Tráfego Livre,,,
2018-04-20 12:04:10,4,12,179,338,False,False,False,False,True,64,14,21.20,4.70,30.60,0.00,1000,Tráfego Pesado,,,
2018-04-20 12:04:10,4,12,186,186,False,False,False,False,True,64,14,21.20,4.70,30.60,0.00,1000,Tráfego Pesado,,,
2018-04-20 11:54:00,4,11,197,190,False,False,False,False,True,64,14,21.20,4.70,30.60,0.00,1000,Tráfego Pesado,,,
2018-04-20 11:54:00,4,11,128,214,False,False,False,False,True,64,14,21.20,4.70,30.60,0.00,1000,Tráfego Pesado,,,
2018-04-20 11:25:31,4,11,172,187,False,False,False,False,True,64,14,21.20,4.70,30.60,0.00,1000,Outros,,,
2018-04-20 11:25:31,4,11,175,185,False,False,False,False,True,64,14,21.20,4.70,30.60,0.00,1000,Outros,,,
2018-04-20 10:50:30,4,10,239,259,False,False,False,False,True,64,14,21.20,4.70,30.60,0.00,1000,Tráfego Pesado,,,
2018-04-20 10:50:30,4,10,240,260,False,False,False,False,True,64,14,21.20,4.70,30.60,0.00,1000,Tráfego Pesado,,,
2018-04-20 09:39:07,4,9,155,213,False,False,False,False,True,64,14,21.20,4.70,30.60,0.00,1000,Incidentes,,,
2018-04-20 09:29:24,4,9,106,267,False,False,False,False,True,64,14,21.20,4.70,30.60,0.00,1000,Incidentes,Tráfego Pesado,,
2018-04-20 09:29:24,4,9,182,166,False,False,False,False,True,64,14,21.20,4.70,30.60,0.00,1000,Incidentes,Tráfego Pesado,,
2018-04-20 09:12:59,4,9,-28,306,False,False,False,False,True,64,14,21.20,4.70,30.60,0.00,1000,Incidentes,Tráfego Pesado,,
2018-04-20 09:12:59,4,9,-27,319,False,False,False,False,True,64,14,21.20,4.70,30.60,0.00,1000,Incidentes,Tráfego Pesado,,
2018-04-20 08:59:18,4,8,198,403,False,False,False,False,True,64,14,21.20,4.70,30.60,0.00,1000,Incidentes,,,
2018-04-20 08:59:18,4,8,213,366,False,False,False,False,True,64,14,21.20,4.70,30.60,0.00,1000,Incidentes,,,
2018-04-20 08:44:04,4,8,187,376,False,False,False,False,True,64,14,21.20,4.70,30.60,0.00,1000,Incidentes,,,
2018-04-20 08:44:04,4,8,188,375,False,False,False,False,True,64,14,21.20,4.70,30.60,0.00,1000,Incidentes,,,
2018-04-20 08:29:25,4,8,138,229,False,False,False,False,True,64,14,21.20,4.70,30.60,0.00,1000,Tráfego Pesado,,,
2018-04-20 08:29:25,4,8,143,246,False,False,False,False,True,64,14,21.20,4.70,30.60,0.00,1000,Tráfego Pesado,,,
2018-04-20 08:12:32,4,8,147,344,False,False,False,False,True,64,14,21.20,4.70,30.60,0.00,1000,Tráfego Pesado,,,
2018-04-20 08:12:32,4,8,147,343,False,False,False,False,True,64,14,21.20,4.70,30.60,0.00,1000,Tráfego Pesado,,,
2018-04-20 08:03:46,4,8,257,342,False,False,False,False,True,64,14,21.20,4.70,30.60,0.00,1000,Tráfego Pesado,,,
2018-04-20 08:03:46,4,8,256,340,False,False,False,False,True,64,14,21.20,4.70,30.60,0.00,1000,Tráfego Pesado,,,
2018-04-20 07:47:33,4,7,129,379,False,False,False,False,True,64,14,21.20,4.70,30.60,0.00,1000,Tráfego Pesado,,,
2018-04-20 07:41:58,4,7,77,242,False,False,False,False,True,64,14,21.20,4.70,30.60,0.00,1000,Tráfego Pesado,,,
2018-04-20 07:41:58,4,7,139,229,False,False,False,False,True,64,14,21.20,4.70,30.60,0.00,1000,Tráfego Pesado,,,
2018-04-20 07:16:47,4,7,197,190,False,False,False,False,True,64,14,21.20,4.70,30.60,0.00,1000,Incidentes,Tráfego Pesado,,
2018-04-20 07:16:47,4,7,128,214,False,False,False,False,True,64,14,21.20,4.70,30.60,0.00,1000,Incidentes,Tráfego Pesado,,
2018-04-20 07:10:01,4,7,197,190,False,False,False,False,True,64,14,21.20,4.70,30.60,0.00,1000,Tráfego Livre,,,
2018-04-20 07:10:01,4,7,128,214,False,False,False,False,True,64,14,21.20,4.70,30.60,0.00,1000,Tráfego Livre,,,
2018-04-19 13:01:10,3,13,197,190,True,False,False,False,False,68,9,19.70,4.00,30.60,0.00,1000,Tráfego Livre,,,
2018-04-19 13:01:10,3,13,196,190,True,False,False,False,False,68,9,19.70,4.00,30.60,0.00,1000,Tráfego Livre,,,
2018-04-18 13:25:30,2,13,197,190,True,False,False,False,False,82,2,18.60,6.80,30.70,0.00,1000,Tráfego Livre,Tráfego Pesado,,
2018-04-17 17:35:04,1,17,197,190,True,False,False,False,False,76,0,17.90,10.10,30.70,0.00,1000,Tráfego Pesado,,,
2018-04-17 13:12:06,1,13,197,190,True,False,False,False,False,76,0,17.90,10.10,30.70,0.00,1000,Tráfego Livre,,,
2018-04-17 13:12:06,1,13,196,190,True,False,False,False,False,76,0,17.90,10.10,30.70,0.00,1000,Tráfego Livre,,,
2018-04-13 18:24:13,4,18,197,190,True,False,False,False,False,71,71,24.50,10.10,30.50,0.01,1240,Tráfego Pesado,,,
2018-04-13 17:40:45,4,17,197,190,True,False,False,False,False,71,71,24.50,10.10,30.50,0.01,1240,Tráfego Pesado,Tráfego Livre,,
2018-04-13 16:39:36,4,16,197,190,True,False,False,False,False,71,71,24.50,10.10,30.50,0.01,1240,Tráfego Pesado,,,
2018-04-13 15:30:18,4,15,197,190,True,False,False,False,False,71,71,24.50,10.10,30.50,0.01,1240,Outros,,,
2018-04-13 14:00:07,4,14,197,190,True,False,False,False,False,71,71,24.50,10.10,30.50,0.01,1240,Obstrução,,,
2018-04-13 13:31:29,4,13,197,190,True,False,False,False,False,71,71,24.50,10.10,30.50,0.01,1240,Tráfego Pesado,,,
2018-04-11 17:57:58,2,17,197,190,True,False,False,False,False,72,5,22.40,8.30,30.50,0.00,1000,Tráfego Pesado,,,
2018-04-11 17:53:34,2,17,197,190,True,False,False,False,False,72,5,22.40,8.30,30.50,0.00,1000,Incidentes,Tráfego Pesado,,
2018-04-11 17:20:05,2,17,197,190,True,False,False,False,False,72,5,22.40,8.30,30.50,0.00,1000,Outros,,,
2018-04-11 15:13:02,2,15,197,190,True,False,False,False,False,72,5,22.40,8.30,30.50,0.00,1000,Obstrução,Incidentes,,
2018-04-11 13:30:13,2,13,197,190,True,False,False,False,False,72,5,22.40,8.30,30.50,0.00,1000,Outros,,,
2018-04-11 13:30:13,2,13,196,190,True,False,False,False,False,72,5,22.40,8.30,30.50,0.00,1000,Outros,,,
2018-04-11 13:28:17,2,13,197,190,True,False,False,False,False,72,5,22.40,8.30,30.50,0.00,1000,Tráfego Livre,,,
2018-04-11 13:15:26,2,13,197,190,True,False,False,False,False,72,5,22.40,8.30,30.50,0.00,1000,Incidentes,Tráfego Livre,,
2018-04-10 20:00:01,1,20,197,190,True,False,False,False,False,82,4,20.90,9.40,30.50,0.00,1000,Outros,,,
2018-04-10 18:24:23,1,18,197,190,True,False,False,False,False,82,4,20.90,9.40,30.50,0.00,1000,Outros,,,
2018-04-10 15:48:30,1,15,197,190,True,False,False,False,False,82,4,20.90,9.40,30.50,0.00,1000,Outros,,,
2018-04-10 15:48:30,1,15,196,190,True,False,False,False,False,82,4,20.90,9.40,30.50,0.00,1000,Outros,,,
2018-04-10 15:24:59,1,15,197,190,True,False,False,False,False,82,4,20.90,9.40,30.50,0.00,1000,Tráfego Livre,,,
2018-04-10 14:07:14,1,14,197,190,True,False,False,False,False,82,4,20.90,9.40,30.50,0.00,1000,Tráfego Livre,,,
2018-04-10 13:30:23,1,13,197,190,True,False,False,False,False,82,4,20.90,9.40,30.50,0.00,1000,Outros,,,
2018-04-10 12:57:41,1,12,197,190,True,False,False,False,False,82,4,20.90,9.40,30.50,0.00,1000,Tráfego Pesado,Incidentes,,
2018-04-06 18:57:39,4,18,197,190,True,False,False,False,False,88,79,18.10,9.50,30.40,0.00,1063,Tráfego Pesado,,,
2018-04-06 18:44:31,4,18,197,190,True,False,False,False,False,88,79,18.10,9.50,30.40,0.00,1063,Outros,,,
2018-04-06 18:44:31,4,18,196,190,True,False,False,False,False,88,79,18.10,9.50,30.40,0.00,1063,Outros,,,
2018-04-06 17:20:34,4,17,197,190,True,False,False,False,False,88,79,18.10,9.50,30.40,0.00,1063,Tráfego Pesado,,,
2018-04-06 15:40:39,4,15,197,190,True,False,False,False,False,88,79,18.10,9.50,30.40,0.00,1063,Tráfego Pesado,Tráfego Livre,,
2018-04-06 15:20:12,4,15,197,190,True,False,False,False,False,88,79,18.10,9.50,30.40,0.00,1063,Outros,,,
2018-04-06 15:20:12,4,15,196,190,True,False,False,False,False,88,79,18.10,9.50,30.40,0.00,1063,Outros,,,
2018-04-06 14:35:35,4,14,197,190,True,False,False,False,False,88,79,18.10,9.50,30.40,0.00,1063,Outros,,,
2018-04-06 14:35:35,4,14,196,190,True,False,False,False,False,88,79,18.10,9.50,30.40,0.00,1063,Outros,,,
2018-04-06 13:40:10,4,13,197,190,True,False,False,False,False,88,79,18.10,9.50,30.40,0.00,1063,Tráfego Livre,,,
